Part #,Width,Height,Max Length,Thickness
1,77,76,78.5875308176,76.6550715869
2,107,57,109.444049633,40.7921561087
3,89,89,90.8240056373,89.888820217
4,117,122,123.17873193,116.249731182
